"Date","Opponent","Tour start (Pacific)","Tour finish (Pacific)","Game tipoff (Pacific)","Phase","Tour status","Meeting area","Tour finish location","Timezone","Schedule checked","Official schedule"
"2026-10-06","Lakers","2:30 PM","6:00 PM","7:00 PM","Preseason","Proposed - not bookable","Dogpatch near Third & 20th; exact point TBD","Chase Center","America/Los_Angeles","2026-09-27","https://www.nba.com/warriors/schedule"
"2026-10-10","Kings","1:00 PM","4:30 PM","5:30 PM","Preseason","Proposed - not bookable","Dogpatch near Third & 20th; exact point TBD","Chase Center","America/Los_Angeles","2026-09-27","https://www.nba.com/warriors/schedule"
"2026-10-16","Trail Blazers","2:30 PM","6:00 PM","7:00 PM","Preseason","Proposed - not bookable","Dogpatch near Third & 20th; exact point TBD","Chase Center","America/Los_Angeles","2026-09-27","https://www.nba.com/warriors/schedule"
"2026-10-23","Grizzlies","2:30 PM","6:00 PM","7:00 PM","Regular season","Proposed - not bookable","Dogpatch near Third & 20th; exact point TBD","Chase Center","America/Los_Angeles","2026-09-27","https://www.nba.com/warriors/schedule"
"2026-10-30","Lakers","2:30 PM","6:00 PM","7:00 PM","NBA Cup group game","Proposed - not bookable","Dogpatch near Third & 20th; exact point TBD","Chase Center","America/Los_Angeles","2026-09-27","https://www.nba.com/warriors/schedule"
"2026-11-01","Clippers","1:00 PM","4:30 PM","5:30 PM","Regular season","Proposed - not bookable","Dogpatch near Third & 20th; exact point TBD","Chase Center","America/Los_Angeles","2026-09-27","https://www.nba.com/warriors/schedule"
"2026-11-05","Heat","2:30 PM","6:00 PM","7:00 PM","Regular season","Proposed - not bookable","Dogpatch near Third & 20th; exact point TBD","Chase Center","America/Los_Angeles","2026-09-27","https://www.nba.com/warriors/schedule"
"2026-11-07","Magic","1:00 PM","4:30 PM","5:30 PM","Regular season","Proposed - not bookable","Dogpatch near Third & 20th; exact point TBD","Chase Center","America/Los_Angeles","2026-09-27","https://www.nba.com/warriors/schedule"
"2026-11-22","Celtics","1:00 PM","4:30 PM","5:30 PM","Regular season","Proposed - not bookable","Dogpatch near Third & 20th; exact point TBD","Chase Center","America/Los_Angeles","2026-09-27","https://www.nba.com/warriors/schedule"
"2026-11-25","Kings","2:30 PM","6:00 PM","7:00 PM","NBA Cup group game","Proposed - not bookable","Dogpatch near Third & 20th; exact point TBD","Chase Center","America/Los_Angeles","2026-09-27","https://www.nba.com/warriors/schedule"
"2026-11-29","Clippers","1:00 PM","4:30 PM","5:30 PM","Regular season","Proposed - not bookable","Dogpatch near Third & 20th; exact point TBD","Chase Center","America/Los_Angeles","2026-09-27","https://www.nba.com/warriors/schedule"
"2026-12-01","Jazz","3:30 PM","7:00 PM","8:00 PM","Regular season","Proposed - not bookable","Dogpatch near Third & 20th; exact point TBD","Chase Center","America/Los_Angeles","2026-09-27","https://www.nba.com/warriors/schedule"
"2026-12-22","Mavericks","3:00 PM","6:30 PM","7:30 PM","Regular season","Proposed - not bookable","Dogpatch near Third & 20th; exact point TBD","Chase Center","America/Los_Angeles","2026-09-27","https://www.nba.com/warriors/schedule"
"2026-12-25","Nuggets","3:00 PM","6:30 PM","7:30 PM","Regular season","Proposed - not bookable","Dogpatch near Third & 20th; exact point TBD","Chase Center","America/Los_Angeles","2026-09-27","https://www.nba.com/warriors/schedule"
"2026-12-27","Timberwolves","1:00 PM","4:30 PM","5:30 PM","Regular season","Proposed - not bookable","Dogpatch near Third & 20th; exact point TBD","Chase Center","America/Los_Angeles","2026-09-27","https://www.nba.com/warriors/schedule"
"2026-12-30","Rockets","2:30 PM","6:00 PM","7:00 PM","Regular season","Proposed - not bookable","Dogpatch near Third & 20th; exact point TBD","Chase Center","America/Los_Angeles","2026-09-27","https://www.nba.com/warriors/schedule"
"2027-01-02","Nets","1:00 PM","4:30 PM","5:30 PM","Regular season","Proposed - not bookable","Dogpatch near Third & 20th; exact point TBD","Chase Center","America/Los_Angeles","2026-09-27","https://www.nba.com/warriors/schedule"
"2027-01-06","Knicks","2:30 PM","6:00 PM","7:00 PM","Regular season","Proposed - not bookable","Dogpatch near Third & 20th; exact point TBD","Chase Center","America/Los_Angeles","2026-09-27","https://www.nba.com/warriors/schedule"
"2027-01-07","Pistons","2:30 PM","6:00 PM","7:00 PM","Regular season","Proposed - not bookable","Dogpatch near Third & 20th; exact point TBD","Chase Center","America/Los_Angeles","2026-09-27","https://www.nba.com/warriors/schedule"
"2027-01-09","Bulls","1:00 PM","4:30 PM","5:30 PM","Regular season","Proposed - not bookable","Dogpatch near Third & 20th; exact point TBD","Chase Center","America/Los_Angeles","2026-09-27","https://www.nba.com/warriors/schedule"
"2027-01-12","Kings","3:30 PM","7:00 PM","8:00 PM","Regular season","Proposed - not bookable","Dogpatch near Third & 20th; exact point TBD","Chase Center","America/Los_Angeles","2026-09-27","https://www.nba.com/warriors/schedule"
"2027-01-13","Hornets","2:30 PM","6:00 PM","7:00 PM","Regular season","Proposed - not bookable","Dogpatch near Third & 20th; exact point TBD","Chase Center","America/Los_Angeles","2026-09-27","https://www.nba.com/warriors/schedule"
"2027-01-21","Lakers","2:30 PM","6:00 PM","7:00 PM","Regular season","Proposed - not bookable","Dogpatch near Third & 20th; exact point TBD","Chase Center","America/Los_Angeles","2026-09-27","https://www.nba.com/warriors/schedule"
"2027-01-22","Bucks","2:30 PM","6:00 PM","7:00 PM","Regular season","Proposed - not bookable","Dogpatch near Third & 20th; exact point TBD","Chase Center","America/Los_Angeles","2026-09-27","https://www.nba.com/warriors/schedule"
"2027-01-24","Thunder","1:00 PM","4:30 PM","5:30 PM","Regular season","Proposed - not bookable","Dogpatch near Third & 20th; exact point TBD","Chase Center","America/Los_Angeles","2026-09-27","https://www.nba.com/warriors/schedule"
"2027-01-30","Spurs","10:00 AM","1:30 PM","2:30 PM","Regular season","Proposed - not bookable","Dogpatch near Third & 20th; exact point TBD","Chase Center","America/Los_Angeles","2026-09-27","https://www.nba.com/warriors/schedule"
"2027-02-17","Pelicans","2:30 PM","6:00 PM","7:00 PM","Regular season","Proposed - not bookable","Dogpatch near Third & 20th; exact point TBD","Chase Center","America/Los_Angeles","2026-09-27","https://www.nba.com/warriors/schedule"
"2027-02-25","Mavericks","2:30 PM","6:00 PM","7:00 PM","Regular season","Proposed - not bookable","Dogpatch near Third & 20th; exact point TBD","Chase Center","America/Los_Angeles","2026-09-27","https://www.nba.com/warriors/schedule"
"2027-03-04","Wizards","2:30 PM","6:00 PM","7:00 PM","Regular season","Proposed - not bookable","Dogpatch near Third & 20th; exact point TBD","Chase Center","America/Los_Angeles","2026-09-27","https://www.nba.com/warriors/schedule"
"2027-03-07","Rockets","2:30 PM","6:00 PM","7:00 PM","Regular season","Proposed - not bookable","Dogpatch near Third & 20th; exact point TBD","Chase Center","America/Los_Angeles","2026-09-27","https://www.nba.com/warriors/schedule"
"2027-03-09","Trail Blazers","3:30 PM","7:00 PM","8:00 PM","Regular season","Proposed - not bookable","Dogpatch near Third & 20th; exact point TBD","Chase Center","America/Los_Angeles","2026-09-27","https://www.nba.com/warriors/schedule"
"2027-03-16","Cavaliers","2:30 PM","6:00 PM","7:00 PM","Regular season","Proposed - not bookable","Dogpatch near Third & 20th; exact point TBD","Chase Center","America/Los_Angeles","2026-09-27","https://www.nba.com/warriors/schedule"
"2027-03-17","Grizzlies","2:30 PM","6:00 PM","7:00 PM","Regular season","Proposed - not bookable","Dogpatch near Third & 20th; exact point TBD","Chase Center","America/Los_Angeles","2026-09-27","https://www.nba.com/warriors/schedule"
"2027-03-19","Trail Blazers","2:30 PM","6:00 PM","7:00 PM","Regular season","Proposed - not bookable","Dogpatch near Third & 20th; exact point TBD","Chase Center","America/Los_Angeles","2026-09-27","https://www.nba.com/warriors/schedule"
"2027-03-24","76ers","2:30 PM","6:00 PM","7:00 PM","Regular season","Proposed - not bookable","Dogpatch near Third & 20th; exact point TBD","Chase Center","America/Los_Angeles","2026-09-27","https://www.nba.com/warriors/schedule"
"2027-03-25","Raptors","2:30 PM","6:00 PM","7:00 PM","Regular season","Proposed - not bookable","Dogpatch near Third & 20th; exact point TBD","Chase Center","America/Los_Angeles","2026-09-27","https://www.nba.com/warriors/schedule"
"2027-04-06","Suns","3:30 PM","7:00 PM","8:00 PM","Regular season","Proposed - not bookable","Dogpatch near Third & 20th; exact point TBD","Chase Center","America/Los_Angeles","2026-09-27","https://www.nba.com/warriors/schedule"
"2027-04-11","Jazz","1:00 PM","4:30 PM","5:30 PM","Regular season","Proposed - not bookable","Dogpatch near Third & 20th; exact point TBD","Chase Center","America/Los_Angeles","2026-09-27","https://www.nba.com/warriors/schedule"
